governments;Inspektorat;Inspektorat Kabupaten Jember;inspektorat@jemberkab.go.id;(0331) 428823;Jalan Sudarman Nomor 1 Jember;https://inspektorat.jemberkab.go.id/;-;RATNO C. SEMBODO, S.H.
governments;Satpol PP;Satuan Polisi Pamong Praja;satpolppjember@gmail.com;-;Jl. Sudarman No. 1, Jember;-;-;Bambang Saputro, S.H., M.Si.
governments;DPU BMSDA;Dinas Pekerjaan Umum Bina Marga dan Sumber Daya Air;dpubmsda@jemberkab.go.id;(0331) 487934;Jalan Brawijaya No. 63 Jubung;https://dpubmsda.jemberkab.go.id/;-;EKO FERDIANTO BUDIONO, ST. M.SI
governments;DISPORA;Dinas Kepemudaan Dan Olah Raga;dispora@jemberkab.go.id;(0331) 422068;Jl. MH. Thamrin Kompleks Stadion Jember Sport Garden (JSG) Pintu 17-18, Ajung 68175;-;-;Dr. H. EDY BUDI SUSILO, M.Si
governments;DISPENDUKCAPIL;Dinas Kependudukan Dan Pencatatan Sipil;disdukcapil@jemberkab.go.id;(0331) 334496;Jl. Jawa No.18, Tegal Boto Lor, Sumbersari, Kec. Sumbersari.;https://dispendukcapil.jemberkab.go.id/;-;ISNAINI DWI SUSANTI, SH, M. Si
governments;DINKES;Dinas Kesehatan;dinas.kesehatan@jemberkab.go.id;(0331) 487577;Jalan Srikoyo I/3 Patrang Jember;https://dinkes.jemberkab.go.id;-;dr. HENDRO SOELISTIJONO, M.M.,M.Kes
governments;DKPP;Dinas Ketahanan Pangan dan Peternakan;dkpp@jemberkab.go.id;(0331) 337275;Jl. Letjen Suprapto No . 139, Kel. Kebonsari - Kec. Sumbersari;-;-;Drh. ANDI PRASTOWO, M.Si
governments;DISKOMINFO;Dinas Komunikasi dan Informatika;diskominfo@jemberkab.go.id;(0331) 5102507;Area Gedung Balai Serba Guna, Jl. Nusantara No. 02;https://diskominfo.jemberkab.go.id/;-;BOBBY ARIE SANDY, S.STP, MM
governments;DISKOPUM;Dinas Koperasi Dan Usaha Mikro;diskopum@jemberkab.go.id;(0331) 336101;Jl. Karimata No. 115;https://diskopum.jemberkab.go.id;-;Dra. SARTINI, MM
governments;DLH;Dinas Lingkungan Hidup;dlh@jemberkab.go.id;(0331) 540007;JL. SUPRIYADI NO.52, DS. PATEMON, KEC. PAKUSARI;-;-;drh. SUGIYARTO, S.KH, M.Si
governments;DISPARBUD;Dinas Pariwisata dan Kebudayaan;disparbud@jemberkab.go.id;(0331) 335244;JL. MH. THAMRIN, AJUNG KULON, KECAMATAN AJUNG, JEMBER 68175;-;-;BAMBANG RUDIANTO, S.Sos
governments;DPMD;Dinas Pemberdayaan Masyarakat dan Desa;dpmd@jemberkab.go.id;(0331) 322870;Jalan Jawa No. 26 Jember Kode Pos 68121;https://dispemasdes.jemberkab.go.id/;-;ADI WIJAYA, S.STP. M.Si
governments;DPPPAKB;Dinas Pemberdayaan Perempuan, Perlindungan Anak Dan Keluarga Berencana;dpppakb@jemberkab.go.id;(0331) 422103;Jl. Jawa No. 51, Sumbersari;http://dpppakb.jemberkab.go.id/;-;MUHAMMAD ZAMRONI, SH., M.Si
governments;DPMPTSP;Dinas Penanaman Modal dan Pelayanan Terpadu Satu Pintu;dpmptsp@jemberkab.go.id;(0331) 4431707;Jl. Gajah Mada No. 206 Jember;https://www.dpmptspjember.co.id/;-;TITA FAJAR ARIYATININGSIH, S.H., M.M
governments;DISPENDIK;Dinas Pendidikan;dinas.pendidikan@jemberkab.go.id;(0331) 487028;Jalan dr. Subandi 29;http://dispendik.jemberkab.go.id/;-;Drs. HADI MULYONO, M.Si
governments;DISHUB;Dinas Perhubungan;dishub@jemberkab.go.id;(0331) 426377;JL. Dewi Sartika No.2;https://dishub.jemberkab.go.id/;-;Dr. AGUS WIJAYA, SH, M.Hum
governments;DISPERIKAN;Dinas Perikanan;dinas.perikanan@jemberkab.go.id;(0331) 5101342;Jl. Letjen Suprapto No. 139, Kel. Kebonsari, Kec. Sumbersari;-;-;INDRA TRI PURNOMO, S.STP, M.Si
governments;DISPERINDAG;Dinas Perindustrian dan Perdagangan;disperindag@jemberkab.go.id;(0331) 334497;Jl. Kalimantan No 82 Jember;-;-;YULIANA HARIMURTI, SE. MSI
governments;DISPUSIP;Dinas Perpustakaan Dan Kearsipan;disperpus@jemberkab.go.id;(0331) 331512;Jl. Letjend Panjaitan No. 49;https://ppid.jemberkab.go.id/ppid-pelaksana/detail/dispusip@jemberkab.go.id;-;ACHMAD IMAM FAUZI, S.P, M. Si
governments;DPRKPCK;Dinas Perumahan Rakyat, Kawasan Permukiman dan Cipta Karya;dprkpck@jemberkab.go.id;(0331) 425786;Jl. Srikoyo 1 No 1;-;-;RAHMAN ANDA, ST, MT, M.Si
governments;DINSOS;Dinas Sosial;dinas.sosial@jemberkab.go.id;(0331) 487766;Jl. Tawes Nomor 306;-;-;AKHMAD HELMI LUQMAN, S. Sos
governments;DTPHP;Dinas Tanaman Pangan, Hortikultura dan Perkebunan;dtphp@jemberkab.go.id;(0331) 482787;Jl. Brawijaya No. 71;https://ppid.jemberkab.go.id/ppid-pelaksana/detail/dtphp@jemberkab.go.id;-;Ir. IMAM SUDARMAJI, MSi.
governments;DISNAKER;Dinas Tenaga Kerja;disnaker@jemberkab.go.id;(0331) 486177;Jl. Kartini No.2 Jember;https://disnaker.jemberkab.go.id/;-;DRS. SUPRIHANDOKO. MM
governments;WABUB;WAKIL BUPATI;-;-;-;-;-;Dr. Djoko Susanto, S.H., M.H.
governments;SEKDA;Sekretaris Daerah;-;-;-;-;-;Arief Tjahjono
governments;ASSEKDA1;Asisten 1 - Pemerintahan dan Kesra;-;-;-;-;-;-
governments;ASSEKDA2;Asisten 2 - Perekonomian dan Pembangunan;-;-;-;-;-;-
governments;ASSEKDA3;Asisten 3 - Administrasi Umum;-;-;-;-;-;-
governments;RSDS;RSUD dr. Soebandi;rsd.soebandi@jemberkab.go.id;(0331) 487441;Jl. Dr. Soebandi No.124, Patrang;https://rsddrsoebandi.jemberkab.go.id;-;Dr. dr. I NYOMAN SEMITA, Sp.OT, Spine (K) Fics
governments;RSDB;RSD Balung;rsd.balung@jemberkab.go.id;(0331) 621595;Jl. Rambipuji No. 19, Kebonsari, Balung Lor, Kec. Balung, Kabupaten Jember, Jawa Timur 68161;https://rsdbalung.jemberkab.go.id;-;dr. Nurullah Hidajahningtyas, MM
governments;RSDK;RSD Kalisat;rsd.kalisat@gmail.com;(0331) 591038;Jl. MH. Thamrin No.31, Dusun Krajan, Ajung, Kec. Kalisat, Kabupaten Jember;https://rsdkalisat.jemberkab.go.id;-;dr. Firdaos Joko Pangarso, M.kes.Sp.PD.KGEH,FINASIM
governments;BAPPEDA;Badan Perencanaan Pembangunan Daerah;bappeda@jemberkab.go.id;(0331) 421200;Jalan Sudarman No. 1, Kaliwates, Jember (68118);https://bappeda.jemberkab.go.id/;-;ARIEF TYAHYONO, SE
governments;BPKAD;Badan Pengelolaan Keuangan dan Aset Daerah;bpkad@jemberkab.go.id;(0331) 4918041;Jl. Ahmad Yani No.2, Kp. Using, Jemberlor, Kec. Patrang, Kabupaten Jember, Jawa Timur 68118;https://bpkad.jatimprov.go.id;-;JUPRIONO, S.T, M.Si
governments;BAPENDA;Badan Pendapatan Daerah;bapenda@jemberkab.go.id;0813 5865 8026;Jl. Jawa No. 72, Kec. Sumbersari, Kabupaten Jember, Jawa Timur;https://bapenda.jemberkab.go.id;-;Hendra Surya Putra, S.STP
governments;BKPSDM;Badan Kepegawaian dan Pengembangan Sumber Daya Manusia;bkpsdm@jemberkab.go.id;(0331) 486361;Jl. Nusantara No. 16 Kaliwates Jember;https://bkd.jemberkab.go.id;-;SUKOWINARNO, SH, S.Pd, M.Si
governments;BAKESBANGPOL;Badan Kesatuan Bangsa & Politik;bakesbangpol@jemberkab.go.id;(0331) 337853;Jl. Letjend S. Parman No. 89;-;-;Drs. SIGIT AKBARI, M.Si
governments;BPBD;Badan Penanggulangan Bencana Daerah;bpbd@jemberkab.go.id;081259701797;Jl. Danau Toba No.16, Lingkungan Panji, Tegalgede, Kec. Sumbersari, Kabupaten Jember, Jawa Timur 68124;https://bpbd.jemberkab.go.id;-;-
governments;PERUMDAMTP;Perumdam Tirta Pandalungan;cs@tirtapandalungan.com;082245854282;Jl.Trunojoyo No.73, Kecamatan Kaliwates, Kota Jember, Jawa Timur 68137;https://tirtapandalungan.com;-;-
governments;PERUMDAPK;Perumda Perkebunan Kahyangan;direksi@pdpkahyangan.com;(0331) 483934;Jl. Gajah Mada No.245, Kaliwates Kidul, Kaliwates, Jember;https://pdpkahyangan.jemberkab.go.id;-;-